pct_removed,rmse_mean,rmse_std,folds
0,0.9607795054353396,0.014604247397673695,5
10,0.9600288661756251,0.015118349446153746,5
20,0.9600776761028781,0.014875179469624569,5
30,0.9600673199933796,0.015768403199747066,5
40,0.9607186660775916,0.015917921078580706,5
50,0.9599755367400846,0.013979563645854327,5
60,0.9574313123897754,0.011209366073782121,5
70,0.9581974824655195,0.01084319196740956,5
80,0.9593008476297431,0.011542476379235752,5
