fold,rmse,precision,recall
1,0.98603,0.80904,0.32657
2,0.96579,0.82257,0.34613
3,0.95619,0.80378,0.34744
4,0.95309,0.81907,0.35169
5,0.94279,0.82626,0.35448
AVG,0.96078,0.81615,0.34526
